model,hr@10,ndcg@10,num_users,split
als,0.3333333333333333,0.16666666666666666,3,chronological_leave_last
item_item,0.3333333333333333,0.2103099178571525,3,chronological_leave_last
popularity,0.3333333333333333,0.16666666666666666,3,chronological_leave_last
